{"emotion": {"anger": 0.000375, "contempt": 0.017125, "disgust": 0.000125, "fear": 0.0, "happiness": 0.664375, "neutral": 0.31725, "sadness": 0.0005, "surprise": 0.0}, "facialHair": {"beard": 0.2375, "moustache": 0.2375, "sideburns": 0.2}, "hair": {"bald": 0.18750000000000003, "hairColor": ""}, "age": 22.375, "smile": 0.664375}